-- H2 2.4.240;
;             
CREATE USER IF NOT EXISTS "SA" SALT '5511194b4705bdac' HASH '691d411669d78ccb944bfc45495dc41bac3d6e830f317417d8a41577eb3f4442' ADMIN;         
CREATE CACHED TABLE "PUBLIC"."ROLES"(
    "ID" INTEGER GENERATED BY DEFAULT AS IDENTITY(START WITH 1) NOT NULL,
    "NAME" CHARACTER VARYING(20)
);        
ALTER TABLE "PUBLIC"."ROLES" ADD CONSTRAINT "PUBLIC"."CONSTRAINT_4" PRIMARY KEY("ID");        
-- 2 +/- SELECT COUNT(*) FROM PUBLIC.ROLES;   
INSERT INTO "PUBLIC"."ROLES" VALUES
(0, 'Admin'),
(1, 'HotelStaff');        
CREATE CACHED TABLE "PUBLIC"."USERS"(
    "ID" UUID NOT NULL,
    "USERNAME" CHARACTER VARYING(50),
    "CREATED_AT" TIMESTAMP DEFAULT CURRENT_TIMESTAMP NOT NULL,
    "ROLE_ID" INTEGER
);              
ALTER TABLE "PUBLIC"."USERS" ADD CONSTRAINT "PUBLIC"."CONSTRAINT_4D" PRIMARY KEY("ID");       
-- 2 +/- SELECT COUNT(*) FROM PUBLIC.USERS;   
INSERT INTO "PUBLIC"."USERS" VALUES
(UUID '29538f72-3370-4539-82ce-bb742f56f68e', 'Hotel', TIMESTAMP '2026-06-03 15:58:40.019913', 1),
(UUID 'c5d0fbb2-a7d4-427a-81c7-3cb950370a20', 'Admin', TIMESTAMP '2026-07-02 21:37:00.054831', 0);   
CREATE CACHED TABLE "PUBLIC"."GUESTS"(
    "ID" UUID NOT NULL,
    "NAME" CHARACTER VARYING(255),
    "AGE" INTEGER,
    "CREATED_AT" TIMESTAMP DEFAULT CURRENT_TIMESTAMP NOT NULL
);    
ALTER TABLE "PUBLIC"."GUESTS" ADD CONSTRAINT "PUBLIC"."PK_GUESTS" PRIMARY KEY("ID");          
-- 4 +/- SELECT COUNT(*) FROM PUBLIC.GUESTS;  
INSERT INTO "PUBLIC"."GUESTS" VALUES
(UUID 'c331226d-55fd-45c4-960a-f4db5299243d', '333', 18, TIMESTAMP '2026-06-27 15:53:01.046197'),
(UUID 'be46ad4b-01f4-4237-86a4-b5f5ee12b240', 'luka2', 18, TIMESTAMP '2026-07-03 23:27:33.044275'),
(UUID '24edc5f7-f684-4792-8810-a1272b778118', 'big chud lol cow', 16, TIMESTAMP '2026-07-03 23:27:39.476772'),
(UUID '5e72f3a9-80a1-4473-9364-e9ba9cb29042', 'the berg', 22, TIMESTAMP '2026-07-04 01:11:05.587342');          
CREATE CACHED TABLE "PUBLIC"."ROOMS"(
    "ID" UUID NOT NULL,
    "NUM_OF_BEDS" INTEGER,
    "SIZE_IN_SQR_M" INTEGER,
    "PRICE_PER_NIGHT" DECIMAL,
    "DISTANCE_FROM_CITY_CENTER" DECIMAL,
    "DISTANCE_FROM_BEACH" DECIMAL,
    "ROOM_NUMBER" INTEGER
);         
ALTER TABLE "PUBLIC"."ROOMS" ADD CONSTRAINT "PUBLIC"."PK_ROOMS" PRIMARY KEY("ID");            
-- 2 +/- SELECT COUNT(*) FROM PUBLIC.ROOMS;   
INSERT INTO "PUBLIC"."ROOMS" VALUES
(UUID '9a6806fa-7288-4fd9-a573-7b861674103b', 10, 22, 657, 66, 7676, 66),
(UUID '75f5bad0-0421-4c9d-bed1-fcd8e1244346', 1, 22, 22, 22, 22, 22);         
CREATE CACHED TABLE "PUBLIC"."ROOM_AMENITIES"(
    "ROOM_ID" UUID NOT NULL,
    "AMENITY_ID" INTEGER NOT NULL
);           
-- 9 +/- SELECT COUNT(*) FROM PUBLIC.ROOM_AMENITIES;          
INSERT INTO "PUBLIC"."ROOM_AMENITIES" VALUES
(UUID '9a6806fa-7288-4fd9-a573-7b861674103b', 1),
(UUID '9a6806fa-7288-4fd9-a573-7b861674103b', 3),
(UUID '9a6806fa-7288-4fd9-a573-7b861674103b', 5),
(UUID '9a6806fa-7288-4fd9-a573-7b861674103b', 6),
(UUID '75f5bad0-0421-4c9d-bed1-fcd8e1244346', 1),
(UUID '75f5bad0-0421-4c9d-bed1-fcd8e1244346', 3),
(UUID '75f5bad0-0421-4c9d-bed1-fcd8e1244346', 4),
(UUID '75f5bad0-0421-4c9d-bed1-fcd8e1244346', 5),
(UUID '75f5bad0-0421-4c9d-bed1-fcd8e1244346', 6);       
CREATE CACHED TABLE "PUBLIC"."AMENITIES"(
    "ID" INTEGER NOT NULL,
    "NAME" CHARACTER VARYING(50) NOT NULL
);          
ALTER TABLE "PUBLIC"."AMENITIES" ADD CONSTRAINT "PUBLIC"."CONSTRAINT_A" PRIMARY KEY("ID");    
-- 6 +/- SELECT COUNT(*) FROM PUBLIC.AMENITIES;               
INSERT INTO "PUBLIC"."AMENITIES" VALUES
(1, 'GYM'),
(2, 'WIFI'),
(3, 'POOL'),
(4, 'PARKING'),
(5, 'SPA'),
(6, 'BREAKFAST');             
CREATE CACHED TABLE "PUBLIC"."BOOKINGS"(
    "ID" UUID NOT NULL,
    "ROOM_ID" UUID NOT NULL,
    "CHECK_IN" DATE NOT NULL,
    "CHECK_OUT" DATE NOT NULL
);             
ALTER TABLE "PUBLIC"."BOOKINGS" ADD CONSTRAINT "PUBLIC"."CONSTRAINT_A6" PRIMARY KEY("ID");    
-- 1 +/- SELECT COUNT(*) FROM PUBLIC.BOOKINGS;
INSERT INTO "PUBLIC"."BOOKINGS" VALUES
(UUID 'bab313a3-a8d0-472f-a751-9b85afbaa19f', UUID '75f5bad0-0421-4c9d-bed1-fcd8e1244346', DATE '2026-07-07', DATE '2026-07-16');     
CREATE CACHED TABLE "PUBLIC"."GUESTS_IN_BOOKING"(
    "BOOKING_ID" UUID NOT NULL,
    "GUEST_ID" UUID NOT NULL
);          
ALTER TABLE "PUBLIC"."GUESTS_IN_BOOKING" ADD CONSTRAINT "PUBLIC"."CONSTRAINT_4B" PRIMARY KEY("BOOKING_ID", "GUEST_ID");       
-- 2 +/- SELECT COUNT(*) FROM PUBLIC.GUESTS_IN_BOOKING;       
INSERT INTO "PUBLIC"."GUESTS_IN_BOOKING" VALUES
(UUID 'bab313a3-a8d0-472f-a751-9b85afbaa19f', UUID 'be46ad4b-01f4-4237-86a4-b5f5ee12b240'),
(UUID 'bab313a3-a8d0-472f-a751-9b85afbaa19f', UUID '24edc5f7-f684-4792-8810-a1272b778118');     
ALTER TABLE "PUBLIC"."BOOKINGS" ADD CONSTRAINT "PUBLIC"."CHK_DATES" CHECK("CHECK_OUT" > "CHECK_IN") NOCHECK;  
ALTER TABLE "PUBLIC"."ROLES" ADD CONSTRAINT "PUBLIC"."CONSTRAINT_4A" UNIQUE NULLS DISTINCT ("NAME");          
ALTER TABLE "PUBLIC"."AMENITIES" ADD CONSTRAINT "PUBLIC"."UQ_AMENITIES_NAME" UNIQUE NULLS DISTINCT ("NAME");  
ALTER TABLE "PUBLIC"."BOOKINGS" ADD CONSTRAINT "PUBLIC"."FK_ROOM" FOREIGN KEY("ROOM_ID") REFERENCES "PUBLIC"."ROOMS"("ID") ON DELETE RESTRICT NOCHECK;        
ALTER TABLE "PUBLIC"."GUESTS_IN_BOOKING" ADD CONSTRAINT "PUBLIC"."FK_GIB_BOOKING" FOREIGN KEY("BOOKING_ID") REFERENCES "PUBLIC"."BOOKINGS"("ID") ON DELETE CASCADE NOCHECK;   
ALTER TABLE "PUBLIC"."GUESTS_IN_BOOKING" ADD CONSTRAINT "PUBLIC"."FK_GIB_GUEST" FOREIGN KEY("GUEST_ID") REFERENCES "PUBLIC"."GUESTS"("ID") ON DELETE CASCADE NOCHECK;         
ALTER TABLE "PUBLIC"."ROOM_AMENITIES" ADD CONSTRAINT "PUBLIC"."FK_ROOM_AMENITIES_ROOM" FOREIGN KEY("ROOM_ID") REFERENCES "PUBLIC"."ROOMS"("ID") ON DELETE CASCADE NOCHECK;    
ALTER TABLE "PUBLIC"."USERS" ADD CONSTRAINT "PUBLIC"."CONSTRAINT_4D4" FOREIGN KEY("ROLE_ID") REFERENCES "PUBLIC"."ROLES"("ID") NOCHECK;       
